CREATE DATABASE  IF NOT EXISTS `shop` /*!40100 DEFAULT CHARACTER SET utf8 */ /*!80016 DEFAULT ENCRYPTION='N' */;
USE `shop`;
-- MySQL dump 10.13  Distrib 8.0.27, for Win64 (x86_64)
--
-- Host: localhost    Database: shop
-- ------------------------------------------------------
-- Server version	8.0.27

/*!40101 SET @OLD_CHARACTER_SET_CLIENT=@@CHARACTER_SET_CLIENT */;
/*!40101 SET @OLD_CHARACTER_SET_RESULTS=@@CHARACTER_SET_RESULTS */;
/*!40101 SET @OLD_COLLATION_CONNECTION=@@COLLATION_CONNECTION */;
/*!50503 SET NAMES utf8 */;
/*!40103 SET @OLD_TIME_ZONE=@@TIME_ZONE */;
/*!40103 SET TIME_ZONE='+00:00' */;
/*!40014 SET @OLD_UNIQUE_CHECKS=@@UNIQUE_CHECKS, UNIQUE_CHECKS=0 */;
/*!40014 SET @OLD_FOREIGN_KEY_CHECKS=@@FOREIGN_KEY_CHECKS, FOREIGN_KEY_CHECKS=0 */;
/*!40101 SET @OLD_SQL_MODE=@@SQL_MODE, SQL_MODE='NO_AUTO_VALUE_ON_ZERO' */;
/*!40111 SET @OLD_SQL_NOTES=@@SQL_NOTES, SQL_NOTES=0 */;

--
-- Table structure for table `brand`
--

DROP TABLE IF EXISTS `brand`;
/*!40101 SET @saved_cs_client     = @@character_set_client */;
/*!50503 SET character_set_client = utf8mb4 */;
CREATE TABLE `brand` (
  `id` int NOT NULL AUTO_INCREMENT,
  `name` varchar(45) NOT NULL,
  PRIMARY KEY (`id`)
) ENGINE=InnoDB AUTO_INCREMENT=4 DEFAULT CHARSET=utf8mb3;
/*!40101 SET character_set_client = @saved_cs_client */;

--
-- Dumping data for table `brand`
--

LOCK TABLES `brand` WRITE;
/*!40000 ALTER TABLE `brand` DISABLE KEYS */;
INSERT INTO `brand` VALUES (1,'Nestle'),(2,'Maliban'),(3,'Munchee');
/*!40000 ALTER TABLE `brand` ENABLE KEYS */;
UNLOCK TABLES;

--
-- Table structure for table `category`
--

DROP TABLE IF EXISTS `category`;
/*!40101 SET @saved_cs_client     = @@character_set_client */;
/*!50503 SET character_set_client = utf8mb4 */;
CREATE TABLE `category` (
  `id` int NOT NULL AUTO_INCREMENT,
  `name` varchar(45) NOT NULL,
  PRIMARY KEY (`id`)
) ENGINE=InnoDB AUTO_INCREMENT=3 DEFAULT CHARSET=utf8mb3;
/*!40101 SET character_set_client = @saved_cs_client */;

--
-- Dumping data for table `category`
--

LOCK TABLES `category` WRITE;
/*!40000 ALTER TABLE `category` DISABLE KEYS */;
INSERT INTO `category` VALUES (1,'Beverages'),(2,'Biscuit');
/*!40000 ALTER TABLE `category` ENABLE KEYS */;
UNLOCK TABLES;

--
-- Table structure for table `city`
--

DROP TABLE IF EXISTS `city`;
/*!40101 SET @saved_cs_client     = @@character_set_client */;
/*!50503 SET character_set_client = utf8mb4 */;
CREATE TABLE `city` (
  `id` int NOT NULL AUTO_INCREMENT,
  `name` varchar(45) NOT NULL,
  PRIMARY KEY (`id`)
) ENGINE=InnoDB AUTO_INCREMENT=4 DEFAULT CHARSET=utf8mb3;
/*!40101 SET character_set_client = @saved_cs_client */;

--
-- Dumping data for table `city`
--

LOCK TABLES `city` WRITE;
/*!40000 ALTER TABLE `city` DISABLE KEYS */;
INSERT INTO `city` VALUES (1,'Colombo'),(2,'Gampaha'),(3,'Galle');
/*!40000 ALTER TABLE `city` ENABLE KEYS */;
UNLOCK TABLES;

--
-- Table structure for table `company`
--

DROP TABLE IF EXISTS `company`;
/*!40101 SET @saved_cs_client     = @@character_set_client */;
/*!50503 SET character_set_client = utf8mb4 */;
CREATE TABLE `company` (
  `id` int NOT NULL AUTO_INCREMENT,
  `name` varchar(45) NOT NULL,
  `contact_number` varchar(10) NOT NULL,
  PRIMARY KEY (`id`)
) ENGINE=InnoDB AUTO_INCREMENT=7 DEFAULT CHARSET=utf8mb3;
/*!40101 SET character_set_client = @saved_cs_client */;

--
-- Dumping data for table `company`
--

LOCK TABLES `company` WRITE;
/*!40000 ALTER TABLE `company` DISABLE KEYS */;
INSERT INTO `company` VALUES (4,'Nestlay','0754306610'),(5,'CBL','0701794934'),(6,'Maliban','0716444516');
/*!40000 ALTER TABLE `company` ENABLE KEYS */;
UNLOCK TABLES;

--
-- Table structure for table `company_branch`
--

DROP TABLE IF EXISTS `company_branch`;
/*!40101 SET @saved_cs_client     = @@character_set_client */;
/*!50503 SET character_set_client = utf8mb4 */;
CREATE TABLE `company_branch` (
  `id` int NOT NULL AUTO_INCREMENT,
  `company_id` int NOT NULL,
  `branch_contact_number` varchar(10) NOT NULL,
  `name` varchar(45) NOT NULL,
  `company_branch_address_id` int NOT NULL,
  PRIMARY KEY (`id`),
  KEY `fk_company_branch_company1_idx` (`company_id`),
  KEY `fk_company_branch_company_branch_address1_idx` (`company_branch_address_id`),
  CONSTRAINT `fk_company_branch_company1` FOREIGN KEY (`company_id`) REFERENCES `company` (`id`),
  CONSTRAINT `fk_company_branch_company_branch_address1` FOREIGN KEY (`company_branch_address_id`) REFERENCES `company_branch_address` (`id`)
) ENGINE=InnoDB AUTO_INCREMENT=8 DEFAULT CHARSET=utf8mb3;
/*!40101 SET character_set_client = @saved_cs_client */;

--
-- Dumping data for table `company_branch`
--

LOCK TABLES `company_branch` WRITE;
/*!40000 ALTER TABLE `company_branch` DISABLE KEYS */;
INSERT INTO `company_branch` VALUES (5,4,'0332257027','Nestle Gampaha',5),(6,5,'0332257074','CBL Gampaha',6),(7,6,'0332260530','Maliban',7);
/*!40000 ALTER TABLE `company_branch` ENABLE KEYS */;
UNLOCK TABLES;

--
-- Table structure for table `company_branch_address`
--

DROP TABLE IF EXISTS `company_branch_address`;
/*!40101 SET @saved_cs_client     = @@character_set_client */;
/*!50503 SET character_set_client = utf8mb4 */;
CREATE TABLE `company_branch_address` (
  `id` int NOT NULL AUTO_INCREMENT,
  `line1` text NOT NULL,
  `line2` text NOT NULL,
  `city_id` int NOT NULL,
  PRIMARY KEY (`id`),
  KEY `fk_company_branch_address_city1_idx` (`city_id`),
  CONSTRAINT `fk_company_branch_address_city1` FOREIGN KEY (`city_id`) REFERENCES `city` (`id`)
) ENGINE=InnoDB AUTO_INCREMENT=8 DEFAULT CHARSET=utf8mb3;
/*!40101 SET character_set_client = @saved_cs_client */;

--
-- Dumping data for table `company_branch_address`
--

LOCK TABLES `company_branch_address` WRITE;
/*!40000 ALTER TABLE `company_branch_address` DISABLE KEYS */;
INSERT INTO `company_branch_address` VALUES (5,'131/D','Kirillawala',2),(6,'346/A','Yakkala',2),(7,'784/F','Ja-Ela',2);
/*!40000 ALTER TABLE `company_branch_address` ENABLE KEYS */;
UNLOCK TABLES;

--
-- Table structure for table `customer`
--

DROP TABLE IF EXISTS `customer`;
/*!40101 SET @saved_cs_client     = @@character_set_client */;
/*!50503 SET character_set_client = utf8mb4 */;
CREATE TABLE `customer` (
  `id` int NOT NULL AUTO_INCREMENT,
  `name` varchar(45) NOT NULL,
  `contact_number` varchar(10) NOT NULL,
  `city_id` int NOT NULL,
  PRIMARY KEY (`id`),
  KEY `fk_customer_city1_idx` (`city_id`),
  CONSTRAINT `fk_customer_city1` FOREIGN KEY (`city_id`) REFERENCES `city` (`id`)
) ENGINE=InnoDB AUTO_INCREMENT=2 DEFAULT CHARSET=utf8mb3;
/*!40101 SET character_set_client = @saved_cs_client */;

--
-- Dumping data for table `customer`
--

LOCK TABLES `customer` WRITE;
/*!40000 ALTER TABLE `customer` DISABLE KEYS */;
INSERT INTO `customer` VALUES (0,'None','None',1);
/*!40000 ALTER TABLE `customer` ENABLE KEYS */;
UNLOCK TABLES;

--
-- Table structure for table `grn`
--

DROP TABLE IF EXISTS `grn`;
/*!40101 SET @saved_cs_client     = @@character_set_client */;
/*!50503 SET character_set_client = utf8mb4 */;
CREATE TABLE `grn` (
  `id` int NOT NULL AUTO_INCREMENT,
  `supplier_id` int NOT NULL,
  `date_time` datetime NOT NULL,
  `user_id` int NOT NULL,
  `unique_id` text NOT NULL,
  PRIMARY KEY (`id`),
  KEY `fk_grn_supplier1_idx` (`supplier_id`),
  KEY `fk_grn_user1_idx` (`user_id`),
  CONSTRAINT `fk_grn_supplier1` FOREIGN KEY (`supplier_id`) REFERENCES `supplier` (`id`),
  CONSTRAINT `fk_grn_user1` FOREIGN KEY (`user_id`) REFERENCES `user` (`id`)
) ENGINE=InnoDB AUTO_INCREMENT=10 DEFAULT CHARSET=utf8mb3;
/*!40101 SET character_set_client = @saved_cs_client */;

--
-- Dumping data for table `grn`
--

LOCK TABLES `grn` WRITE;
/*!40000 ALTER TABLE `grn` DISABLE KEYS */;
INSERT INTO `grn` VALUES (1,4,'2022-05-31 17:01:04',1,'1653996664749-1'),(2,4,'2022-05-31 17:02:17',1,'1653996737944-1'),(3,4,'2022-06-04 19:14:03',1,'1654350243409-1'),(4,5,'2022-06-04 19:18:06',1,'1654350486466-1'),(5,4,'2022-06-05 12:42:34',1,'1654413154615-1'),(6,4,'2022-06-05 15:49:41',1,'1654424381730-1'),(7,5,'2022-06-05 15:59:30',1,'1654424970176-1'),(8,4,'2022-06-05 16:10:04',1,'1654425604423-1'),(9,4,'2022-06-08 14:06:30',1,'1654677390550-1');
/*!40000 ALTER TABLE `grn` ENABLE KEYS */;
UNLOCK TABLES;

--
-- Table structure for table `grn_item`
--

DROP TABLE IF EXISTS `grn_item`;
/*!40101 SET @saved_cs_client     = @@character_set_client */;
/*!50503 SET character_set_client = utf8mb4 */;
CREATE TABLE `grn_item` (
  `id` int NOT NULL AUTO_INCREMENT,
  `quantity` int NOT NULL,
  `buying_price` double NOT NULL,
  `grn_id` int NOT NULL,
  `stock_id` int NOT NULL,
  PRIMARY KEY (`id`),
  KEY `fk_grn_item_grn1_idx` (`grn_id`),
  KEY `fk_grn_item_stock1_idx` (`stock_id`),
  CONSTRAINT `fk_grn_item_grn1` FOREIGN KEY (`grn_id`) REFERENCES `grn` (`id`),
  CONSTRAINT `fk_grn_item_stock1` FOREIGN KEY (`stock_id`) REFERENCES `stock` (`id`)
) ENGINE=InnoDB AUTO_INCREMENT=19 DEFAULT CHARSET=utf8mb3;
/*!40101 SET character_set_client = @saved_cs_client */;

--
-- Dumping data for table `grn_item`
--

LOCK TABLES `grn_item` WRITE;
/*!40000 ALTER TABLE `grn_item` DISABLE KEYS */;
INSERT INTO `grn_item` VALUES (1,10,100,1,1),(2,20,100,2,1),(3,10,100,3,2),(4,20,50,3,3),(5,30,150,3,4),(6,10,100,4,5),(7,100,150,4,6),(8,10,100,5,2),(9,100,50,5,3),(10,200,150,5,4),(11,10,50,6,7),(12,50,100,7,8),(13,50,50,7,9),(14,100,200,7,10),(15,10,100,8,11),(16,20,50,8,12),(17,30,120,8,13),(18,10,100,9,14);
/*!40000 ALTER TABLE `grn_item` ENABLE KEYS */;
UNLOCK TABLES;

--
-- Table structure for table `grn_payment`
--

DROP TABLE IF EXISTS `grn_payment`;
/*!40101 SET @saved_cs_client     = @@character_set_client */;
/*!50503 SET character_set_client = utf8mb4 */;
CREATE TABLE `grn_payment` (
  `id` int NOT NULL AUTO_INCREMENT,
  `grn_id` int NOT NULL,
  `payment_type_id` int NOT NULL,
  `payment` double NOT NULL,
  `balance` double NOT NULL,
  PRIMARY KEY (`id`),
  KEY `fk_grn_payment_grn1_idx` (`grn_id`),
  KEY `fk_grn_payment_payment_type1_idx` (`payment_type_id`),
  CONSTRAINT `fk_grn_payment_grn1` FOREIGN KEY (`grn_id`) REFERENCES `grn` (`id`),
  CONSTRAINT `fk_grn_payment_payment_type1` FOREIGN KEY (`payment_type_id`) REFERENCES `payment_type` (`id`)
) ENGINE=InnoDB AUTO_INCREMENT=10 DEFAULT CHARSET=utf8mb3;
/*!40101 SET character_set_client = @saved_cs_client */;

--
-- Dumping data for table `grn_payment`
--

LOCK TABLES `grn_payment` WRITE;
/*!40000 ALTER TABLE `grn_payment` DISABLE KEYS */;
INSERT INTO `grn_payment` VALUES (1,1,1,2000,1000),(2,2,1,2000,0),(3,3,1,7000,500),(4,4,1,20000,4000),(5,5,2,40000,4000),(6,6,1,1000,500),(7,7,2,30000,2500),(8,8,3,5000,-600),(9,9,1,1000,0);
/*!40000 ALTER TABLE `grn_payment` ENABLE KEYS */;
UNLOCK TABLES;

--
-- Table structure for table `invoice`
--

DROP TABLE IF EXISTS `invoice`;
/*!40101 SET @saved_cs_client     = @@character_set_client */;
/*!50503 SET character_set_client = utf8mb4 */;
CREATE TABLE `invoice` (
  `id` int NOT NULL AUTO_INCREMENT,
  `customer_id` int NOT NULL,
  `date_time` datetime NOT NULL,
  `user_id` int NOT NULL,
  `unique_id` text NOT NULL,
  PRIMARY KEY (`id`),
  KEY `fk_invoice_customer1_idx` (`customer_id`),
  KEY `fk_invoice_user1_idx` (`user_id`),
  CONSTRAINT `fk_invoice_customer1` FOREIGN KEY (`customer_id`) REFERENCES `customer` (`id`),
  CONSTRAINT `fk_invoice_user1` FOREIGN KEY (`user_id`) REFERENCES `user` (`id`)
) ENGINE=InnoDB AUTO_INCREMENT=4 DEFAULT CHARSET=utf8mb3;
/*!40101 SET character_set_client = @saved_cs_client */;

--
-- Dumping data for table `invoice`
--

LOCK TABLES `invoice` WRITE;
/*!40000 ALTER TABLE `invoice` DISABLE KEYS */;
INSERT INTO `invoice` VALUES (2,0,'2022-06-15 18:36:38',1,'1655298398448-1'),(3,0,'2022-06-15 18:39:04',1,'1655298544728-1');
/*!40000 ALTER TABLE `invoice` ENABLE KEYS */;
UNLOCK TABLES;

--
-- Table structure for table `invoice_item`
--

DROP TABLE IF EXISTS `invoice_item`;
/*!40101 SET @saved_cs_client     = @@character_set_client */;
/*!50503 SET character_set_client = utf8mb4 */;
CREATE TABLE `invoice_item` (
  `id` int NOT NULL AUTO_INCREMENT,
  `stock_id` int NOT NULL,
  `qty` varchar(45) NOT NULL,
  `invoice_id` int NOT NULL,
  PRIMARY KEY (`id`),
  KEY `fk_invoice_item_stock1_idx` (`stock_id`),
  KEY `fk_invoice_item_invoice1_idx` (`invoice_id`),
  CONSTRAINT `fk_invoice_item_invoice1` FOREIGN KEY (`invoice_id`) REFERENCES `invoice` (`id`),
  CONSTRAINT `fk_invoice_item_stock1` FOREIGN KEY (`stock_id`) REFERENCES `stock` (`id`)
) ENGINE=InnoDB AUTO_INCREMENT=4 DEFAULT CHARSET=utf8mb3;
/*!40101 SET character_set_client = @saved_cs_client */;

--
-- Dumping data for table `invoice_item`
--

LOCK TABLES `invoice_item` WRITE;
/*!40000 ALTER TABLE `invoice_item` DISABLE KEYS */;
INSERT INTO `invoice_item` VALUES (1,4,'30',2),(2,3,'20',3),(3,1,'30',3);
/*!40000 ALTER TABLE `invoice_item` ENABLE KEYS */;
UNLOCK TABLES;

--
-- Table structure for table `invoice_payment`
--

DROP TABLE IF EXISTS `invoice_payment`;
/*!40101 SET @saved_cs_client     = @@character_set_client */;
/*!50503 SET character_set_client = utf8mb4 */;
CREATE TABLE `invoice_payment` (
  `id` int NOT NULL AUTO_INCREMENT,
  `invoice_id` int NOT NULL,
  `payment_type_id` int NOT NULL,
  `payment` double NOT NULL,
  `balance` double NOT NULL,
  PRIMARY KEY (`id`),
  KEY `fk_invoice_payment_invoice1_idx` (`invoice_id`),
  KEY `fk_invoice_payment_payment_type1_idx` (`payment_type_id`),
  CONSTRAINT `fk_invoice_payment_invoice1` FOREIGN KEY (`invoice_id`) REFERENCES `invoice` (`id`),
  CONSTRAINT `fk_invoice_payment_payment_type1` FOREIGN KEY (`payment_type_id`) REFERENCES `payment_type` (`id`)
) ENGINE=InnoDB AUTO_INCREMENT=3 DEFAULT CHARSET=utf8mb3;
/*!40101 SET character_set_client = @saved_cs_client */;

--
-- Dumping data for table `invoice_payment`
--

LOCK TABLES `invoice_payment` WRITE;
/*!40000 ALTER TABLE `invoice_payment` DISABLE KEYS */;
INSERT INTO `invoice_payment` VALUES (1,2,1,6000,0),(2,3,1,6500,0);
/*!40000 ALTER TABLE `invoice_payment` ENABLE KEYS */;
UNLOCK TABLES;

--
-- Table structure for table `payment_type`
--

DROP TABLE IF EXISTS `payment_type`;
/*!40101 SET @saved_cs_client     = @@character_set_client */;
/*!50503 SET character_set_client = utf8mb4 */;
CREATE TABLE `payment_type` (
  `id` int NOT NULL AUTO_INCREMENT,
  `name` varchar(45) NOT NULL,
  PRIMARY KEY (`id`)
) ENGINE=InnoDB AUTO_INCREMENT=5 DEFAULT CHARSET=utf8mb3;
/*!40101 SET character_set_client = @saved_cs_client */;

--
-- Dumping data for table `payment_type`
--

LOCK TABLES `payment_type` WRITE;
/*!40000 ALTER TABLE `payment_type` DISABLE KEYS */;
INSERT INTO `payment_type` VALUES (1,'Cash'),(2,'Card'),(3,'Check'),(4,'Credits');
/*!40000 ALTER TABLE `payment_type` ENABLE KEYS */;
UNLOCK TABLES;

--
-- Table structure for table `product`
--

DROP TABLE IF EXISTS `product`;
/*!40101 SET @saved_cs_client     = @@character_set_client */;
/*!50503 SET character_set_client = utf8mb4 */;
CREATE TABLE `product` (
  `id` int NOT NULL AUTO_INCREMENT,
  `category_id` int NOT NULL,
  `brand_id` int NOT NULL,
  `name` text NOT NULL,
  PRIMARY KEY (`id`),
  KEY `fk_product_category1_idx` (`category_id`),
  KEY `fk_product_brand1_idx` (`brand_id`),
  CONSTRAINT `fk_product_brand1` FOREIGN KEY (`brand_id`) REFERENCES `brand` (`id`),
  CONSTRAINT `fk_product_category1` FOREIGN KEY (`category_id`) REFERENCES `category` (`id`)
) ENGINE=InnoDB AUTO_INCREMENT=5 DEFAULT CHARSET=utf8mb3;
/*!40101 SET character_set_client = @saved_cs_client */;

--
-- Dumping data for table `product`
--

LOCK TABLES `product` WRITE;
/*!40000 ALTER TABLE `product` DISABLE KEYS */;
INSERT INTO `product` VALUES (1,1,1,'Milo Food Drink 100ml'),(2,2,2,'Gold Marie'),(3,2,2,'Lemon Puff');
/*!40000 ALTER TABLE `product` ENABLE KEYS */;
UNLOCK TABLES;

--
-- Table structure for table `stock`
--

DROP TABLE IF EXISTS `stock`;
/*!40101 SET @saved_cs_client     = @@character_set_client */;
/*!50503 SET character_set_client = utf8mb4 */;
CREATE TABLE `stock` (
  `id` int NOT NULL AUTO_INCREMENT,
  `product_id` int NOT NULL,
  `quantity` int NOT NULL,
  `selling_price` double NOT NULL,
  `mfd` date NOT NULL,
  `exd` date NOT NULL,
  PRIMARY KEY (`id`),
  KEY `fk_stock_product1_idx` (`product_id`),
  CONSTRAINT `fk_stock_product1` FOREIGN KEY (`product_id`) REFERENCES `product` (`id`)
) ENGINE=InnoDB AUTO_INCREMENT=15 DEFAULT CHARSET=utf8mb3;
/*!40101 SET character_set_client = @saved_cs_client */;

--
-- Dumping data for table `stock`
--

LOCK TABLES `stock` WRITE;
/*!40000 ALTER TABLE `stock` DISABLE KEYS */;
INSERT INTO `stock` VALUES (1,1,0,150,'2022-05-01','2022-06-30'),(2,1,20,150,'2022-06-01','2022-06-30'),(3,2,100,100,'2022-06-01','2022-06-30'),(4,3,200,200,'2022-06-01','2022-06-30'),(5,1,10,150,'2022-06-01','2022-06-29'),(6,2,100,200,'2022-06-01','2022-06-30'),(7,2,10,100,'2022-06-01','2022-06-22'),(8,1,50,150,'2022-06-04','2022-06-20'),(9,2,50,100,'2022-06-04','2022-06-19'),(10,3,100,250,'2022-06-05','2022-06-11'),(11,1,10,150,'2022-06-05','2022-06-12'),(12,2,20,100,'2022-06-01','2022-06-20'),(13,3,30,150,'2022-06-03','2022-07-26'),(14,3,10,150,'2022-06-01','2022-06-30');
/*!40000 ALTER TABLE `stock` ENABLE KEYS */;
UNLOCK TABLES;

--
-- Table structure for table `supplier`
--

DROP TABLE IF EXISTS `supplier`;
/*!40101 SET @saved_cs_client     = @@character_set_client */;
/*!50503 SET character_set_client = utf8mb4 */;
CREATE TABLE `supplier` (
  `id` int NOT NULL AUTO_INCREMENT,
  `name` varchar(45) NOT NULL,
  `contact_number` varchar(10) NOT NULL,
  `email` varchar(45) NOT NULL,
  `company_branch_id` int NOT NULL,
  PRIMARY KEY (`id`),
  KEY `fk_supplier_company_branch1_idx` (`company_branch_id`),
  CONSTRAINT `fk_supplier_company_branch1` FOREIGN KEY (`company_branch_id`) REFERENCES `company_branch` (`id`)
) ENGINE=InnoDB AUTO_INCREMENT=7 DEFAULT CHARSET=utf8mb3;
/*!40101 SET character_set_client = @saved_cs_client */;

--
-- Dumping data for table `supplier`
--

LOCK TABLES `supplier` WRITE;
/*!40000 ALTER TABLE `supplier` DISABLE KEYS */;
INSERT INTO `supplier` VALUES (4,'Sandun','0701794934','sandun@gmail.com',5),(5,'Nuwan','0752726222','nuwan@gmail.com',6),(6,'Tharaka','0754306610','tharaka@gmail.com',7);
/*!40000 ALTER TABLE `supplier` ENABLE KEYS */;
UNLOCK TABLES;

--
-- Table structure for table `user`
--

DROP TABLE IF EXISTS `user`;
/*!40101 SET @saved_cs_client     = @@character_set_client */;
/*!50503 SET character_set_client = utf8mb4 */;
CREATE TABLE `user` (
  `id` int NOT NULL AUTO_INCREMENT,
  `name` varchar(45) CHARACTER SET utf8 NOT NULL,
  `username` varchar(45) CHARACTER SET utf8 NOT NULL,
  `password` varchar(45) CHARACTER SET utf8 NOT NULL,
  `contact_number` varchar(10) CHARACTER SET utf8 NOT NULL,
  `user_type_id` int NOT NULL,
  `user_status_id` int NOT NULL DEFAULT '1',
  `city_id` int NOT NULL,
  PRIMARY KEY (`id`),
  KEY `fk_user_user_type_idx` (`user_type_id`),
  KEY `fk_user_user_status1_idx` (`user_status_id`),
  KEY `fk_user_city1_idx` (`city_id`),
  CONSTRAINT `fk_user_city1` FOREIGN KEY (`city_id`) REFERENCES `city` (`id`),
  CONSTRAINT `fk_user_user_status1` FOREIGN KEY (`user_status_id`) REFERENCES `user_status` (`id`),
  CONSTRAINT `fk_user_user_type` FOREIGN KEY (`user_type_id`) REFERENCES `user_type` (`id`)
) ENGINE=InnoDB AUTO_INCREMENT=9 DEFAULT CHARSET=utf8mb3 COLLATE=utf8_general_mysql500_ci;
/*!40101 SET character_set_client = @saved_cs_client */;

--
-- Dumping data for table `user`
--

LOCK TABLES `user` WRITE;
/*!40000 ALTER TABLE `user` DISABLE KEYS */;
INSERT INTO `user` VALUES (1,'Sandaru','sandaru','123','0701794934',1,1,1),(2,'Dilshan','dilshan','123','0754306610',1,2,1),(3,'Maduhansa','maduhansa','12345','0752726222',1,2,1),(4,'Gunathilake','gunathilake','12345','0788764949',1,2,1),(5,'Bruce','bruce','789','0716444576',2,2,2),(6,'Clark','clark','123','0788764949',2,2,2),(7,'Diana','diana','123','0714567889',2,1,2),(8,'Harry','harry','123','0754306610',2,1,2);
/*!40000 ALTER TABLE `user` ENABLE KEYS */;
UNLOCK TABLES;

--
-- Table structure for table `user_status`
--

DROP TABLE IF EXISTS `user_status`;
/*!40101 SET @saved_cs_client     = @@character_set_client */;
/*!50503 SET character_set_client = utf8mb4 */;
CREATE TABLE `user_status` (
  `id` int NOT NULL AUTO_INCREMENT,
  `name` varchar(45) NOT NULL,
  PRIMARY KEY (`id`)
) ENGINE=InnoDB AUTO_INCREMENT=3 DEFAULT CHARSET=utf8mb3;
/*!40101 SET character_set_client = @saved_cs_client */;

--
-- Dumping data for table `user_status`
--

LOCK TABLES `user_status` WRITE;
/*!40000 ALTER TABLE `user_status` DISABLE KEYS */;
INSERT INTO `user_status` VALUES (1,'Active'),(2,'Inactive');
/*!40000 ALTER TABLE `user_status` ENABLE KEYS */;
UNLOCK TABLES;

--
-- Table structure for table `user_type`
--

DROP TABLE IF EXISTS `user_type`;
/*!40101 SET @saved_cs_client     = @@character_set_client */;
/*!50503 SET character_set_client = utf8mb4 */;
CREATE TABLE `user_type` (
  `id` int NOT NULL AUTO_INCREMENT,
  `name` varchar(45) NOT NULL,
  PRIMARY KEY (`id`)
) ENGINE=InnoDB AUTO_INCREMENT=3 DEFAULT CHARSET=utf8mb3;
/*!40101 SET character_set_client = @saved_cs_client */;

--
-- Dumping data for table `user_type`
--

LOCK TABLES `user_type` WRITE;
/*!40000 ALTER TABLE `user_type` DISABLE KEYS */;
INSERT INTO `user_type` VALUES (1,'Admin'),(2,'Cashier');
/*!40000 ALTER TABLE `user_type` ENABLE KEYS */;
UNLOCK TABLES;
/*!40103 SET TIME_ZONE=@OLD_TIME_ZONE */;

/*!40101 SET SQL_MODE=@OLD_SQL_MODE */;
/*!40014 SET FOREIGN_KEY_CHECKS=@OLD_FOREIGN_KEY_CHECKS */;
/*!40014 SET UNIQUE_CHECKS=@OLD_UNIQUE_CHECKS */;
/*!40101 SET CHARACTER_SET_CLIENT=@OLD_CHARACTER_SET_CLIENT */;
/*!40101 SET CHARACTER_SET_RESULTS=@OLD_CHARACTER_SET_RESULTS */;
/*!40101 SET COLLATION_CONNECTION=@OLD_COLLATION_CONNECTION */;
/*!40111 SET SQL_NOTES=@OLD_SQL_NOTES */;

-- Dump completed on 2023-03-02 13:28:24
